comment,label
The website crashes frequently when I try to submit important documents. This is causing unnecessary frustration.,complaint
"Every time I try to reach customer support, I get automated responses that do not solve my issue. I need a real person to help me.",complaint
"I have been waiting for my request to be processed for over a month, and there is still no update. The delay is unacceptable.",complaint
The entire process of applying for this service is overly complicated and confusing. It should be made more user-friendly.,complaint
I faced a lot of inconvenience due to the lack of proper communication from the support team. This needs to be addressed urgently.,complaint
Could you please clarify the exact documents required for this process? I want to ensure I submit the right ones.,inquiry
I want to understand the benefits of enrolling in this program. Could you provide a brief explanation?,inquiry
Can you provide details on how long it usually takes to receive a response after submitting a request?,inquiry
Can you tell me if there are any fees associated with this application process? I need to plan my budget accordingly.,inquiry
I am interested in knowing whether I am eligible for this scheme. Could you guide me on the eligibility criteria?,inquiry
The online portal should have a live chat feature for immediate assistance instead of relying only on email support.,suggestion
It would be helpful if there were video tutorials explaining the steps involved in the application process.,suggestion
"The website interface should be improved to be more mobile-friendly, as many users access it via smartphones.",suggestion
Consider introducing a ticketing system where users can track the progress of their queries in real time.,suggestion
Adding an option to upload scanned documents directly from a mobile device would make submissions easier.,suggestion
I had a seamless experience using the new application portal. Everything was well-organized and easy to understand.,compliment
I am impressed by the efficiency of the new document verification process. It was completed much faster than expected.,compliment
The automated email updates about my application status kept me informed at every step. This was very reassuring.,compliment
Kudos to the support team for providing prompt and effective assistance. I am highly satisfied with the service.,compliment
I truly appreciate the quick resolution of my request. The support team was very helpful and professional.,compliment
The roads in our neighborhood are in terrible condition.,complaint
Can we have more frequent bus services during peak hours?,suggestion
What are the timings for the public library?,inquiry
The new park is fantastic! Great job!,compliment
The garbage collection service is very unreliable.,complaint
Adding more pedestrian crossings would improve safety.,suggestion
Where can I find information about property taxes?,inquiry
The city's recycling program is very effective.,compliment
There is a lot of noise pollution from construction sites at night.,complaint
Organizing community clean-up events would help keep the city clean.,suggestion
The public library has an excellent collection of books.,compliment
How can I apply for a parking permit?,inquiry
The park is not maintained properly; there is trash everywhere.,complaint
Please install more streetlights in the downtown area.,suggestion
Is there a plan to renovate the old community center?,inquiry
The police department is doing a great job keeping us safe.,compliment
Public transport is always delayed and overcrowded.,complaint
Can you provide details about the upcoming city council meeting?,inquiry
The public transport system is very efficient and clean.,compliment
The new recycling bins have made a huge difference!,compliment
Why are the streetlights not working in our area?,complaint
Can we have more benches in the park?,suggestion
How do I report a broken traffic signal?,inquiry
The cleanliness of the city has improved significantly.,compliment
The noise from the construction site is unbearable.,complaint
More bike lanes would encourage cycling in the city.,suggestion
What is the process for getting a business license?,inquiry
The new community center is a great addition to the neighborhood.,compliment
The water supply in our area is inconsistent.,complaint
Can we have more public art installations?,suggestion
Where can I find information about local schools?,inquiry
The city's efforts to reduce pollution are commendable.,compliment
The sidewalks are cracked and unsafe to walk on.,complaint
Can we have more public Wi-Fi hotspots?,suggestion
How do I apply for a housing subsidy?,inquiry
The new playground is a hit with the kids!,compliment
The traffic signals at the intersection are not synchronized.,complaint
Can we have more trees planted along the streets?,suggestion
What are the rules for organizing a public event?,inquiry
The city's public gardens are beautifully maintained.,compliment
The potholes on Main Street need to be fixed.,complaint
Can we have more public trash cans in the park?,suggestion
How do I report a stray animal in my neighborhood?,inquiry
The new bike-sharing program is very convenient.,compliment
The streetlights in our area are too dim.,complaint
Can we have more public restrooms in the downtown area?,suggestion
What are the hours for the city's swimming pool?,inquiry
The city's efforts to promote recycling are impressive.,compliment
The noise from the bar downstairs is disturbing.,complaint
Can we have more electric vehicle charging stations?,suggestion
How do I apply for a senior citizen discount?,inquiry
The new walking trails are a great way to stay active.,compliment
The bus stop near my house is always dirty.,complaint
Can we have more public events in the park?,suggestion
What are the rules for parking overnight on the street?,inquiry
The city's efforts to reduce plastic waste are amazing.,compliment
The construction noise early in the morning is too loud.,complaint
Can we have more public fountains in the city?,suggestion
How do I report a broken streetlight?,inquiry
The new public art installations are inspiring.,compliment
The traffic congestion during rush hour is unbearable.,complaint
Can we have more public seating in the shopping district?,suggestion
What are the rules for starting a community garden?,inquiry
The city's efforts to improve air quality are noticeable.,compliment
The noise from the airport is affecting our sleep.,complaint
Can we have more public charging stations for phones?,suggestion
How do I apply for a permit to host a street fair?,inquiry
The new public library is a great resource for the community.,compliment
The potholes on Elm Street are dangerous for drivers.,complaint
Can we have more public recycling bins in the park?,suggestion
What are the rules for using the public tennis courts?,inquiry
The city's efforts to promote green energy are impressive.,compliment
The noise from the train station is too loud at night.,complaint
Can we have more public art workshops for kids?,suggestion
How do I report a broken water pipe in my area?,inquiry
The new public market is a great place to shop locally.,compliment
The traffic on Maple Street is always congested.,complaint
Can we have more public benches in the downtown area?,suggestion
What are the rules for using the public basketball courts?,inquiry
The city's efforts to reduce littering are working.,compliment
The noise from the highway is affecting our quality of life.,complaint
Can we have more public trash cans in the shopping district?,suggestion
How do I apply for a permit to host a block party?,inquiry
The new public skating rink is a great addition to the city.,compliment
The potholes on Oak Street are causing damage to cars.,complaint
Can we have more public recycling bins in the downtown area?,suggestion
What are the rules for using the public soccer fields?,inquiry
The city's efforts to promote cycling are paying off.,compliment
The noise from the construction site is disrupting our work.,complaint
Can we have more public art installations in the park?,suggestion
How do I report a broken sewer line in my neighborhood?,inquiry
The new public pool is a great place to cool off in the summer.,compliment
The traffic on Pine Street is always backed up.,complaint
Can we have more public seating in the park?,suggestion
What are the rules for using the public volleyball courts?,inquiry
The city's efforts to reduce water waste are commendable.,compliment
The noise from the bar next door is too loud.,complaint
Can we have more public charging stations for electric scooters?,suggestion
How do I apply for a permit to host a farmers' market?,inquiry
The new public amphitheater is a great venue for concerts.,compliment
The potholes on Cedar Street are a hazard for cyclists.,complaint
Can we have more public recycling bins in the shopping district?,suggestion
What are the rules for using the public baseball fields?,inquiry
The city's efforts to promote public transportation are working.,compliment
The noise from the construction site is affecting our health.,complaint
Can we have more public art workshops for adults?,suggestion
How do I report a broken fire hydrant in my area?,inquiry
The new public skate park is a great place for kids to play.,compliment
The traffic on Birch Street is always congested.,complaint
Can we have more public benches in the park?,suggestion
The city's efforts to reduce plastic waste are impressive.,compliment
The noise from the train station is too loud during the day.,complaint
Can we have more public trash cans in the downtown area?,suggestion
How do I apply for a permit to host a community event?,inquiry
The new public library is a great resource for students.,compliment
The potholes on Walnut Street are causing accidents.,complaint
The city's efforts to promote green energy are noticeable.,compliment
The noise from the airport is affecting our daily lives.,complaint
How do I apply for a permit to host a cultural festival?,inquiry
The new public market is a great place to buy fresh produce.,compliment
The traffic on Cherry Street is always backed up.,complaint
The city's efforts to reduce littering are effective.,compliment
The noise from the highway is too loud at night.,complaint
Can we have more public art installations in the downtown area?,suggestion
How do I report a broken water main in my neighborhood?,inquiry
The new public skating rink is a great place for families.,compliment
The potholes on Maple Street are dangerous for pedestrians.,complaint
The noise from the construction site is disrupting our sleep.,complaint
The new public pool is a great place to relax in the summer.,compliment
The traffic on Pine Street is always congested.,complaint
The new public amphitheater is a great venue for performances.,compliment
The potholes on Cedar Street are a hazard for drivers.,complaint
I've been waiting for over a month for permit processing and still haven't received any response. This is unacceptable.,complaint
I think the city should consider extending service hours to improve public transportation.,suggestion
When will the bridge work in North End be completed?,inquiry
I want to commend Public Works for their excellent snow removal. The staff was responsive.,compliment
The condition of the playground in South Side is terrible. It's been like this for several months.,complaint
It would be helpful if Parks and Recreation could create a mobile app to better serve residents.,suggestion
How do I apply for a building permit at the Building Department?,inquiry
The recent improvements to the community center in Oak Park are outstanding.,compliment
I'm very disappointed with the water service provided by Utilities Department. The staff was dismissive.,complaint
Have you considered implementing a feedback system as a solution to the service interruption in Central District?,suggestion
What are the operating hours for recreation programs during summer?,inquiry
I was impressed by the exceptional response I received from Transportation Department regarding traffic congestion.,compliment
The sidewalk in my neighborhood hasn't been maintained since last winter.,complaint
"The community would benefit from creating a one-stop service center, especially in areas like Downtown.",suggestion
Who should I contact regarding illegal dumping in my neighborhood?,inquiry
Thank you for the prompt action on graffiti in our neighborhood. It has made a real difference.,compliment
I've submitted numerous requests about noise violation but Code Enforcement hasn't addressed any of them.,complaint
I'd like to suggest improving staff training for the upcoming bridge project.,suggestion
Is there a process to appeal a decision made by Tax Office?,inquiry
The staff at Health Department went above and beyond to help me with renewing a license.,compliment
The health services hours at Health Department are too limited. It's impossible for working people to use them.,complaint
Perhaps City Planning could offer weekend services during tax season to better accommodate citizens.,suggestion
Could you provide information about senior services eligibility requirements?,inquiry
I appreciate the city's efforts to improve public records access which has improved quality of life in University Area.,compliment
The online portal for building inspection is constantly down. I've tried at least three times this week.,complaint
I believe creating educational resources would make the permit processing more efficient and user-friendly.,suggestion
Where can I find forms for housing assistance application?,inquiry
The new playground in Lakeside is a wonderful addition to our community.,compliment
There's been abandoned vehicles on my street for more than a year and no one has fixed it despite multiple complaints.,complaint
I propose increasing public engagement as a cost-effective way to enhance community development programs.,suggestion
Is there financial assistance available for health services?,inquiry
Your online system for tax assessment is very user-friendly and efficient.,compliment
I received a careless response when I contacted Mayor's Office about water contamination.,complaint
An improvement to the current flood control system could be implementing text notifications.,suggestion
What documentation is needed to file a complaint at the City Council?,inquiry
I had a great experience with garbage collection today. The process was commendable.,compliment
The noise from public events is unbearable and violates city ordinances. Please address this immediately.,complaint
"To make Historic District more accessible, I suggest providing multilingual services.",suggestion
How long does it typically take to process a building permit application?,inquiry
The public event organized by Cultural Affairs was exceptional and well-managed.,compliment
Your customer service representative was negligent when I called about pest infestation.,complaint
Have you thought about reducing paperwork as a way to reduce the wait times for permit processing?,suggestion
Are there any upcoming public meetings about traffic congestion in Riverside?,inquiry
I'd like to thank the Sanitation Department employee who helped me with garbage collection. They were attentive.,compliment
I've been charged incorrectly for water service. This is the fourth time this has happened.,complaint
I recommend providing clearer instructions to make public services more inclusive for all citizens.,suggestion
Can you explain the procedure for reporting graffiti to the appropriate department?,inquiry
The recent initiative to improve staff training has been a great success and benefits many residents.,compliment
The park project in Greenfield has caused flooding for local residents for several months.,complaint
"A sustainable approach to water contamination would be providing progress tracking, which also has environmental benefits.",suggestion
What are the next steps after submitting a recreation programs application?,inquiry
Your staff handled my water leakage issue with professionalism and courtesy.,compliment
The Building Department office is always overcrowded and understaffed. I had to wait more than a year for a simple permit processing.,complaint
The Transportation Department processes could be streamlined by offering digital forms.,suggestion
Is there a direct number to contact someone at City Planning about zoning disputes?,inquiry
The maintenance team did an excellent job fixing the traffic light in Business Park.,compliment
"Despite paying my taxes on time, I've experienced power outages with utility service for several months.",complaint
"To modernize building inspection, the city should consider adding online appointment booking.",suggestion
Where can I find information about the flood control system project planned for Lakeside?,inquiry
I'm impressed by the efficiency of garbage collection compared to previous years.,compliment
The public transportation in Sunset Boulevard is unreliable and often problematic.,complaint
"A good addition to Historic District would be creating community workshops, which would help with accessibility issues.",suggestion
How frequently does public transportation operate in Central District?,inquiry
The community program for recreation programs is making a positive impact in Mountain View.,compliment
I found broken playground equipment in the public park in Eastside which poses a safety risk.,complaint
"My suggestion for improving utility service is to improve website navigation, which has worked well in other cities.",suggestion
What is the status of my building inspection application submitted on 17/5/2024?,inquiry
Thank you for listening to residents' concerns about missing street signs and taking appropriate action.,compliment
The garbage collection I received was below standard and doesn't reflect what our tax dollars should provide.,complaint
It would be helpful if Health Department could offer virtual meetings to better serve residents.,suggestion
Are there any special requirements for senior services for elderly or disabled citizens?,inquiry
The new recreation programs hours are much more convenient for working families.,compliment
There's a dangerous broken streetlight at the corner of Main Street that needs immediate attention.,complaint
I'd like to suggest creating a feedback system for the upcoming sidewalk project.,suggestion
How can I track the progress of my complaint about illegal dumping?,inquiry
I appreciate the transparency in how Environmental Services has handled the water contamination situation.,compliment
I've tried contacting Building Department numerous times about permit delays but never received a response.,complaint
"A potential solution to parking violations might be creating a mobile app, which addresses the root cause.",suggestion
Is there an online option for renewing a license instead of visiting Tax Office in person?,inquiry
The city's response to flooding during winter was prompt and effective.,compliment
The water main in my neighborhood hasn't been maintained in multiple years.,complaint
Have you considered providing multilingual services as a solution to the accessibility issue in Business Park?,suggestion
When will the road work in Garden District be completed?,inquiry
I want to commend Parks and Recreation for their excellent recreation programs. The staff was professional.,compliment
The public restroom in West District is terrible. It's been like this for six weeks.,complaint
I think the city should consider implementing a feedback system to improve permit processing.,suggestion
Could you provide information about public transportation eligibility requirements?,inquiry
The recent improvements to the park in Pine Heights are outstanding.,compliment
I'm very disappointed with the snow removal provided by Public Works. The staff was dismissive.,complaint
Perhaps Building Department could create a one-stop service center during construction season to better accommodate citizens.,suggestion
Who should I contact regarding overgrown vegetation in my neighborhood?,inquiry
I was impressed by the knowledgeable response I received from Housing Authority regarding property damage.,compliment
The traffic light in my neighborhood hasn't been maintained since the last election.,complaint
I believe adding self-service kiosks would make permit processing more efficient and user-friendly.,suggestion
What are the operating hours for senior services during weekends?,inquiry
Thank you for the prompt action on missing street signs in our neighborhood. It has made a real difference.,compliment
I've submitted a dozen requests about property damage but Emergency Management hasn't addressed any of them.,complaint
I'd like to suggest extended service hours for the upcoming street light project.,suggestion
Is there a process to appeal a decision made by City Council?,inquiry
The staff at Information Technology went above and beyond to help me with online bill payment.,compliment
The snow removal hours at Sanitation Department are too limited. It's impossible for working people to use them.,complaint
"The community would benefit from creating more public forums, especially in areas like Riverside.",suggestion
Where can I find the application for a parking permit?,inquiry
The recent cleanup of the Industrial Zone has significantly improved the area. Great work!,compliment
There are potholes on Main Street that have been there for months and nothing has been done about them.,complaint
I think adding a 24-hour service line for emergency situations would greatly improve response times.,suggestion
What's the timeline for completion of the library renovation in Central District?,inquiry
Your team's quick response to the fallen tree on Cedar Street after the storm was impressive.,compliment
The city's website is outdated and difficult to navigate. I couldn't find basic information about trash collection.,complaint
We should implement a citizen advisory board for major infrastructure projects to ensure community needs are met.,suggestion
How do I report a streetlight outage in my area?,inquiry
The new online payment system has made paying utility bills so much more convenient. Thank you!,compliment
"The construction noise from the Oak Park development starts before 7am, which violates noise ordinances.",complaint
Consider installing water bottle refill stations in all public parks to reduce plastic waste.,suggestion
When is the next community meeting regarding the proposed shopping center in Westwood?,inquiry
The landscaping team did an exceptional job with the new garden installation at the community center.,compliment
My trash wasn't collected for two weeks despite multiple calls to the Sanitation Department.,complaint
The city should invest in solar-powered streetlights to reduce long-term energy costs and be more environmentally friendly.,suggestion
How can senior citizens apply for the property tax reduction program?,inquiry
I'm impressed with how quickly the graffiti removal team responded to my report last week.,compliment
"The sidewalks in Pine Heights are cracked and dangerous, especially for elderly residents.",complaint
A bike-sharing program would greatly enhance transportation options in the downtown area.,suggestion
What permits are needed to host a block party on my street?,inquiry
The recent improvements to the park playground equipment are fantastic and my kids love it!,compliment
"The public pool was closed without notice last weekend, ruining our planned family outing.",complaint
Installing more covered bus shelters would make public transportation more appealing during rainy weather.,suggestion
Where can I dispose of hazardous household waste like paint and batteries?,inquiry
The street sweeping program has noticeably improved the cleanliness of our neighborhood.,compliment
The recycling bins provided by the city are too small for a family of four.,complaint
Implementing a neighborhood watch program with city support would help improve safety in residential areas.,suggestion
What's the process for reporting a damaged street sign?,inquiry
The library's new children's reading program has been a wonderful addition to our community resources.,compliment
The property tax assessment for my home is inaccurate and much higher than comparable properties nearby.,complaint
The city could benefit from an emergency notification system that sends alerts to residents' phones during severe weather events.,suggestion
How do I contest a parking ticket that I believe was issued unfairly?,inquiry
The parks department has done an excellent job maintaining the flower beds throughout the city this year.,compliment
The airport shuttle service is unreliable and frequently runs late or doesn't show up at all.,complaint
Creating dedicated lanes for bicycles on major thoroughfares would improve safety and encourage alternative transportation.,suggestion
When will water service be restored to the North End? Our neighborhood has been without water since yesterday.,inquiry
The city's snow removal services this winter were exceptionally efficient compared to previous years.,compliment
The permit application process is overly complicated and requires unnecessary paperwork.,complaint
Offering incentives for businesses that implement green practices would help meet our city's sustainability goals.,suggestion
How do I register my child for the summer recreation program?,inquiry
The firefighters who responded to the alarm at our apartment complex were professional and thorough.,compliment
The downtown parking meters frequently malfunction and eat coins without giving proper time.,complaint
The city should consider installing public electric vehicle charging stations in municipal parking lots.,suggestion
What are the guidelines for street vendors who want to operate in the city?,inquiry
The pothole repair crew fixed the issue on my street within 48 hours of my report - very impressive!,compliment
The animal control officers were dismissive when I reported a dangerous dog in our neighborhood.,complaint
Implementing a citywide composting program would significantly reduce waste going to landfills.,suggestion
How can I get a copy of my property survey from city records?,inquiry
The new online permit system has made home improvement projects much easier to get approved.,compliment
The water pressure in our neighborhood has been extremely low for the past month.,complaint
We should offer tax incentives to property owners who convert unused lots into community gardens.,suggestion
What's the procedure for requesting a traffic study for my intersection?,inquiry
The city's response to the recent power outage was quick and communications were excellent.,compliment
My neighbor's property violates multiple code regulations but Enforcement has done nothing despite my complaints.,complaint
The public transit system would benefit from an app that shows real-time bus and train locations.,suggestion
How do I get approval for a home-based business in a residential zone?,inquiry
The new library staff are exceptionally helpful and knowledgeable about resources available to residents.,compliment
The noise from the waste management facility starts at 5am and is disruptive to nearby residents.,complaint
Implementing a city-sponsored neighborhood cleanup day each quarter would help maintain community appearance.,suggestion
What's the timeline for the West District road repaving project?,inquiry
The Parks Department maintenance crew keeps our local playground immaculate and safe for children.,compliment
"The storm drains on Elm Street are constantly clogged, causing flooding with every heavy rain.",complaint
The city should offer more multilingual services to better serve our diverse population.,suggestion
How can I obtain historical building records for my property?,inquiry
The recent town hall meeting was well-organized and addressed many important community concerns.,compliment
The public Wi-Fi in municipal buildings is unreliable and too slow to be useful.,complaint
Creating a downtown pedestrian-only zone would improve the shopping experience and reduce traffic congestion.,suggestion
What's the process for reporting a suspected water main leak?,inquiry
The city's new recycling program is much more convenient with the single-stream collection system.,compliment
The condition of the tennis courts at Central Park has deteriorated significantly over the past year.,complaint
We should implement a tree-planting initiative to increase urban canopy and combat heat island effects.,suggestion
How do I apply for a residential parking permit for my neighborhood?,inquiry
The city planner who helped with my zoning question was extremely knowledgeable and patient.,compliment
"Garbage collection has been inconsistent in our neighborhood, sometimes skipping our street entirely.",complaint
The city could improve community engagement by creating a mobile app for reporting issues and tracking resolution.,suggestion
What are the height restrictions for fences in residential areas?,inquiry
The new accessible playground equipment at Riverside Park is a wonderful addition for children of all abilities.,compliment
"The timing of the traffic lights at Main and Oak is terrible, causing unnecessary congestion during rush hour.",complaint
Implementing a city-wide composting program would significantly reduce landfill waste.,suggestion
How do I schedule a building inspector to approve my renovation work?,inquiry
The customer service representatives at City Hall are consistently professional and helpful.,compliment
The public restrooms in Central Park are frequently out of supplies and poorly maintained.,complaint
The city should consider installing solar panels on municipal buildings to reduce energy costs.,suggestion
What documentation is needed to apply for a small business grant from the city?,inquiry
The road repair crew did an excellent job fixing the potholes on Cedar Street promptly after my report.,compliment
"The leaf collection service this fall was delayed by several weeks, leaving piles of wet leaves on our streets.",complaint
Creating more community gardens in underutilized city spaces would promote sustainable food practices.,suggestion
When will the city swimming pool open for the summer season?,inquiry
The city's emergency response to the recent storm damage was swift and well-coordinated.,compliment
"The downtown parking situation is terrible, with insufficient spaces and excessive fees.",complaint
We should implement a city-sponsored after-school program in community centers for working parents.,suggestion
How can I appeal my water bill which seems unusually high this month?,inquiry
The police officers who responded to our neighborhood safety concern were professional and thorough.,compliment
The construction at City Hall has blocked accessible entrances for people with disabilities.,complaint
The city should invest in smart traffic signals that adjust timing based on current traffic flow.,suggestion
What's the city policy on outdoor water usage during drought conditions?,inquiry
The online system for paying property taxes is efficient and user-friendly.,compliment
The condition of our local playground poses safety hazards with broken equipment and splintered wood.,complaint
Consider implementing a rain barrel incentive program to promote water conservation among residents.,suggestion
How do I get permission to hold a neighborhood block party?,inquiry
The public works team that fixed our street's drainage issue was professional and completed the work quickly.,compliment
"Despite multiple requests, the abandoned vehicle in front of my house hasn't been towed after two months.",complaint
The city should expand the farmers market to multiple days per week to improve access to fresh food.,suggestion
What are the requirements for installing solar panels on my home?,inquiry
The recent improvements to the downtown streetscape have made the area much more attractive and walkable.,compliment
"The snow removal on side streets this winter has been inadequate, making some roads impassable.",complaint
Implementing a citywide program to replace lead water service lines would protect public health.,suggestion
How do I report a code violation at a neighboring property?,inquiry
The library's digital resources and e-book collection have been a wonderful service during the pandemic.,compliment
The grass at city parks is overgrown and not maintained regularly during summer months.,complaint
The city should consider establishing a tool lending library for residents' home improvement projects.,suggestion
What's the process for obtaining a permit for a home addition?,inquiry
The city's new online permit application system has significantly reduced wait times and paperwork.,compliment
"The quality of drinking water in the East Village area has deteriorated, with an unpleasant taste and odor.",complaint
Creating dedicated senior hours at community facilities would better serve our older population.,suggestion
How do I register a complaint about excessive noise from a local business?,inquiry
The recent street festival organized by the city was well-planned and enjoyed by the entire community.,compliment
The condition of the basketball courts at Jefferson Park has deteriorated with cracked surfaces and bent rims.,complaint
We should implement a program to convert vacant lots into pocket parks throughout the city.,suggestion
What's the schedule for bulk trash pickup in the Oakwood neighborhood?,inquiry
The efficiency of the permit department has improved dramatically over the past year.,compliment
"The city's communication about the water main repairs was inadequate, with no advance notice to residents.",complaint
Implementing a citywide program for rain gardens would help with stormwater management issues.,suggestion
How can I get a street light installed on my block which is very dark at night?,inquiry
The recreation department's summer programs for children offer excellent and affordable activities.,compliment
The tree trimming crew damaged my property and the city has been unresponsive to my claim.,complaint
The city should offer incentives to homeowners who install water-saving fixtures and appliances.,suggestion
What's the procedure for reporting a potentially dangerous intersection?,inquiry
The city's new recycling program with weekly pickup has made environmentally-friendly disposal much easier.,compliment
The city website frequently crashes when trying to make online payments for utilities.,complaint
Creating a historical walking tour with informative plaques would enhance tourism in our downtown.,suggestion
How do I find out about zoning restrictions for my property?,inquiry
The prompt response from animal control when I reported a stray dog in our neighborhood was impressive.,compliment
"Despite numerous complaints, nothing has been done about the illegal parking situation on my street.",complaint
The city could benefit from implementing a text alert system for emergency situations and service disruptions.,suggestion
What documentation is required to apply for a fence permit?,inquiry
The snow removal crew did an exceptional job clearing our streets after the recent blizzard.,compliment
The playground equipment at Central Park is outdated and poses safety risks for children.,complaint
We should establish community emergency response teams in each neighborhood for disaster preparedness.,suggestion
How do I arrange for extra garbage collection after a major home cleanout?,inquiry
The city's new online system for reporting potholes and tracking repairs is extremely useful.,compliment
The noise from the highway has increased significantly since the removal of sound barriers during construction.,complaint
Implementing a comprehensive bicycle share program would improve transportation options downtown.,suggestion
What's the process for getting a street reclassified as residential-only for traffic purposes?,inquiry
The city's grant program for small business fa√ßade improvements has really enhanced our downtown's appearance.,compliment
"The state of public restrooms in the city parks is deplorable, with broken facilities and lack of supplies.",complaint
The city should invest in outdoor fitness equipment in public parks to promote health and wellness.,suggestion
How can I request traffic calming measures for my residential street?,inquiry
The new adaptive playground at Centennial Park is a wonderful inclusive space for children of all abilities.,compliment
The crosswalk signals at 5th and Main are too short for elderly pedestrians to cross safely.,complaint
Creating a municipal composting facility would reduce waste and provide compost for city landscaping.,suggestion
What's the procedure for reporting a street sign that needs replacement?,inquiry
The efficiency and courtesy of the staff at the utilities payment center is consistently excellent.,compliment
The air quality monitoring in industrial areas of the city is inadequate and infrequent.,complaint
The city should implement a program to convert alleyways into green spaces and pedestrian walkways.,suggestion
How do I apply for a reduced rate on my water bill due to financial hardship?,inquiry
The city's response to the fallen tree blocking our street after the storm was impressively quick.,compliment
"Despite multiple service requests, the streetlight outside my home has been out for over three months.",complaint
We should establish community gardens on vacant city lots to promote local food production.,suggestion
What's the timeline for the Main Street bridge repair project?,inquiry
The new online system for scheduling building inspections has made my renovation project much smoother.,compliment
The condition of the tennis courts at Westside Park has deteriorated to an unusable state.,complaint
The city should offer free home energy audits to help residents reduce utility costs and environmental impact.,suggestion
How do I obtain a copy of my property's survey from city records?,inquiry
The dedication of the parks maintenance staff in keeping our public spaces clean is commendable.,compliment
The parking enforcement in the downtown area is inconsistent and seems to target certain blocks while ignoring violations on others.,complaint
Implementing a program for local artists to create murals on blank walls would beautify our city.,suggestion
What permits are required for hosting a large community event in a city park?,inquiry
The city's new mobile app for reporting issues like potholes and graffiti is extremely user-friendly.,compliment
"The leaf collection program was poorly executed this year, with leaves sitting for weeks in some neighborhoods.",complaint
The city should consider installing public water bottle filling stations to reduce plastic waste.,suggestion
How do I appeal a zoning decision that affects my property?,inquiry
The responsiveness of the code enforcement team to my neighbor's dangerous property conditions was excellent.,compliment
"The quality of road repairs on Maple Street is poor, with potholes returning within weeks of being filled.",complaint
We should implement a citywide program to identify and preserve historic trees on public and private property.,suggestion
What's the process for getting a permit to hold a neighborhood block party?,inquiry
The city planning department was extremely helpful in guiding me through the permit process for my home addition.,compliment
The city's communication about the water service interruption was inadequate and came with no advance notice.,complaint
Creating dedicated lanes for bicycles on major roads would improve safety and encourage alternative transportation.,suggestion
How do I register a complaint about a city employee who was unprofessional?,inquiry
The recent improvements to the riverfront park have transformed it into a beautiful community gathering place.,compliment
"The recycling pickup has been inconsistent, sometimes skipping our street entirely without explanation.",complaint
The city should install more benches and shade structures in parks to accommodate elderly residents.,suggestion
What are the rules regarding home-based businesses in residential neighborhoods?,inquiry
The promptness and professionalism of the building inspector who came to my house was impressive.,compliment
The noise from the construction site on Oak Street starts before the legally permitted hour of 7am.,complaint
We should implement a program that encourages local businesses to adopt and maintain nearby public spaces.,suggestion
How can I request that the city install a crosswalk near the elementary school?,inquiry
The customer service I received when sorting out an error on my property tax bill was exceptional.,compliment
"Despite multiple complaints, the abandoned property next door continues to be a safety hazard and eyesore.",complaint
The city should consider implementing a discount program for public transportation for low-income residents.,suggestion
What's the process for reporting a water main break in my neighborhood?,inquiry
The improvements to the city's online payment system have made paying utility bills much more convenient.,compliment
"The condition of the public basketball courts is terrible, with cracked surfaces and missing nets.",complaint
We should establish a tree-planting program where residents can request free trees for their property.,suggestion
How do I find information about upcoming road construction projects in my area?,inquiry
The city's snow removal crew did an outstanding job clearing streets after the recent storm.,compliment
"The street sweeping schedule is poorly communicated, resulting in many cars being ticketed unnecessarily.",complaint
Implementing a city-wide composting program would significantly reduce waste going to landfills.,suggestion
What documentation do I need to apply for a permit for a backyard shed?,inquiry
The quick response from animal control when I reported an injured deer in my neighborhood was impressive.,compliment
The playground equipment at Central Park is outdated and potentially dangerous for children.,complaint
The city should offer incentives to residents who install permeable driveways to reduce stormwater runoff.,suggestion
How can I request additional streetlights on my block which is very dark at night?,inquiry
The efficiency of the permits department has improved dramatically over the past year.,compliment
"The timing of traffic lights downtown is poorly coordinated, causing unnecessary congestion during rush hour.",complaint
Creating a program for local artists to paint utility boxes would add character to our neighborhoods.,suggestion
What's the city's policy on removing dead trees from public property adjacent to homes?,inquiry
The city's new website design has made finding important information and services much easier.,compliment
The water pressure in our neighborhood has been consistently low for the past six months.,complaint
We should establish community emergency response teams trained to assist during natural disasters.,suggestion
How do I report damage to city property caused by a vehicle accident?,inquiry
The professionalism of the staff at the permit office made our renovation project much smoother.,compliment
The noise from the airport has increased significantly with the new flight paths over residential areas.,complaint
Implementing a rain barrel rebate program would help residents conserve water during summer months.,suggestion
What's the procedure for requesting the city trim trees that are blocking streetlights?,inquiry
The new online system for scheduling building inspections has simplified the construction process tremendously.,compliment
The public tennis courts are frequently unusable due to poor maintenance and lack of net repairs.,complaint
The city should consider creating neighborhood tool lending libraries to help residents with home projects.,suggestion
How do I contest an incorrect water meter reading that resulted in an unusually high bill?,inquiry
The parks department's maintenance of our neighborhood green spaces has been exceptional this year.,compliment
The recycling guidelines are confusing and inconsistently enforced during collection.,complaint
We should implement a program providing free trees to homeowners willing to plant them in front yards.,suggestion
What's the process for getting speed bumps installed on a residential street with speeding problems?,inquiry
The responsiveness of the animal control officers to the stray dog situation in our park was impressive.,compliment
"Despite multiple reports, the large pothole on Elm Street hasn't been repaired for over three months.",complaint
The city could improve accessibility by installing more benches along popular walking routes for seniors.,suggestion
How do I apply for a variance to the setback requirements for my property?,inquiry
The city's communication about the temporary water service interruption was clear and timely.,compliment
"The condition of the public restrooms at Liberty Park is unacceptable, with broken facilities and no supplies.",complaint
Implementing a citywide program for proper disposal of hazardous household waste would protect our environment.,suggestion
What permits are needed to install solar panels on a residential property?,inquiry
The efficiency of the new online permitting system has made home improvement projects much less frustrating.,compliment
"The landscaping maintenance in public areas has been neglected, with overgrown grass and untrimmed bushes.",complaint
The city should offer tax incentives to businesses that implement sustainable practices like rainwater collection.,suggestion
How can I request a traffic study for the intersection near the elementary school?,inquiry
The recent improvements to the river walk have created a beautiful recreational space for residents.,compliment
"The street cleaning schedule is poorly communicated, resulting in unexpected parking tickets.",complaint
Creating more dog parks throughout the city would better serve pet owners in all neighborhoods.,suggestion
What's the procedure for appealing a denied building permit application?,inquiry
The quick response from the utilities department when I reported a water leak was impressive.,compliment
The noise ordinance is not being enforced at the downtown bars that play loud music past permitted hours.,complaint
The city should consider implementing a text alert system for emergency situations like water main breaks.,suggestion
How do I request additional recycling bins for my household?,inquiry
The city's new approach to community input on development projects has greatly improved the planning process.,compliment
"The condition of sidewalks in the historic district poses a tripping hazard, especially for elderly residents.",complaint
We should establish a program to help low-income homeowners with critical repairs to maintain property standards.,suggestion
What documentation is needed to apply for a home occupation permit?,inquiry
The parks department has done an outstanding job maintaining the flower beds throughout the city this year.,compliment
"The downtown parking garage is frequently full by mid-morning, making it impossible for those with appointments.",complaint
Implementing a program to convert vacant lots into community gardens would improve neighborhood aesthetics.,suggestion
How can I find information about zoning regulations for my neighborhood?,inquiry
The recent improvements to the children's section of the public library have created a wonderful learning environment.,compliment
The response time for non-emergency police calls in our neighborhood is consistently over an hour.,complaint
The city should consider installing solar-powered trash compactors in high-traffic public areas.,suggestion
What's the process for reporting repeated violations of the noise ordinance?,inquiry
The efficiency and helpfulness of the staff at the utilities payment center is consistently excellent.,compliment
"The condition of the baseball fields at Community Park has deteriorated, with uneven surfaces and poor drainage.",complaint
Creating a city-sponsored program for yard waste collection would reduce illegal dumping in wooded areas.,suggestion
How do I request a copy of the inspection report for my property?,inquiry
The police department's new community outreach program has significantly improved neighborhood relations.,compliment
"Despite multiple complaints, nothing has been done about the abandoned vehicles in our apartment complex.",complaint
The city should offer incentives for homeowners who convert to water-efficient landscaping.,suggestion
What's the timeline for the street repaving project in the Oak Hill neighborhood?,inquiry
The public works department's quick response to the fallen tree blocking our street was impressive.,compliment
"The quality of drinking water has deteriorated recently, with an unpleasant taste and odor.",complaint
Implementing a citywide bicycle sharing program would provide an environmentally friendly transportation option.,suggestion
How do I appeal an unfair property assessment that seems too high compared to similar properties?,inquiry
The new accessibility features at the community center have made it much more inclusive for all residents.,compliment
"The timing of construction projects is poorly planned, with multiple roads in the same area closed simultaneously.",complaint
The city should consider establishing cooling centers in public buildings during extreme heat events.,suggestion
What permits are required to replace an existing fence on my property?,inquiry
The city's communication about the recent water quality testing was transparent and informative.,compliment
The sidewalks in our neighborhood have been damaged by tree roots and pose a tripping hazard.,complaint
Creating a program to assist elderly residents with snow removal would improve winter safety.,suggestion
How can I find information about the city's recycling program regulations?,inquiry
The efficiency of the building inspector who came for my renovation project was impressive.,compliment
"The noise from the industrial facility near our neighborhood continues throughout the night, violating ordinances.",complaint
The city should implement a program to install rain gardens in public spaces to manage stormwater runoff.,suggestion
What's the process for reporting a potentially dangerous tree on city property?,inquiry
The recent improvements to the playgrounds in city parks have created safe and engaging spaces for children.,compliment
The animal control department was unresponsive when I reported stray dogs in our neighborhood park.,complaint
Implementing a program to convert vacant storefronts into temporary art galleries would revitalize downtown.,suggestion
How do I arrange for special bulk waste pickup for large household items?,inquiry
The city's new mobile app for reporting issues has made it much easier to notify officials about problems.,compliment
The crosswalk signals at Main and Oak are too short for elderly pedestrians to cross safely.,complaint
We should establish a citywide program to help residents properly dispose of electronic waste.,suggestion
What documentation is needed to appeal a denied permit application?,inquiry
The efficiency and courtesy of the staff at the property tax office is consistently excellent.,compliment
"Despite repeated requests, the missing street sign at the corner of Elm and Pine hasn't been replaced.",complaint
The city should consider implementing a program to install green roofs on municipal buildings.,suggestion
How can I find information about applying for a small business grant from the city?,inquiry
The new online system for requesting public records has made accessing information much more efficient.,compliment
I'm frustrated by the constant delays with the 42 bus route. It's been unreliable for months now.,complaint
Could you please tell me when the new library on Maple Street is scheduled to open?,inquiry
I want to express my sincere appreciation for the road crew who worked tirelessly during the snowstorm last week. They kept our streets safe.,compliment
The city should consider installing solar-powered lights in the central park for improved safety and sustainability.,suggestion
Why hasn't anyone fixed the large pothole on Oak Avenue? It's been there for three months and has damaged multiple cars.,complaint
I'd like to know what documents I need to bring when applying for a permit to renovate my kitchen.,inquiry
The new online portal for property tax payments is incredibly user-friendly. Thanks for making this process so much easier!,compliment
"I suggest adding more recycling bins in public areas, especially near restaurants and parks.",suggestion
The noise from construction on Main Street starts way before the permitted 7AM time. This is unacceptable!,complaint
What are the requirements for enrolling my child in the summer recreation program?,inquiry
The staff at the DMV was exceptionally helpful and patient with me yesterday. They deserve recognition for their excellent service.,compliment
My suggestion is to implement a text alert system for water main breaks and boil water advisories.,suggestion
I've called three times about overgrown trees blocking traffic signals on Harrison Boulevard and nothing has been done.,complaint
Could you explain how the new property assessment method will affect residential tax rates?,inquiry
I want to commend Officer Johnson for his compassionate handling of the situation at Lincoln Park yesterday. He showed true professionalism.,compliment
Have you considered creating dedicated bicycle lanes on Cedar Street? It would improve safety for cyclists and reduce traffic congestion.,suggestion
"The public pool has been closed for 'maintenance' for two weeks now, during the hottest part of summer. This is ridiculous!",complaint
I'm trying to find information about small business grants offered by the city. Where can I access the application forms?,inquiry
The recent improvements to the riverfront park are absolutely beautiful. The new walking paths and seating areas have transformed the space.,compliment
I suggest expanding the hours of the downtown parking garage to accommodate evening events at the performing arts center.,suggestion
My trash wasn't collected for the second week in a row despite my calls to the sanitation department.,complaint
"What steps is the city taking to address homelessness, especially with winter approaching?",inquiry
The new online system for scheduling building inspections has saved me hours of time. Thank you for this improvement!,compliment
I'd like to propose implementing a composting program for residential food waste to reduce landfill usage.,suggestion
The water bill this month is three times higher than normal with no explanation or apparent leak.,complaint
Could you provide information about the upcoming town hall meeting? I'd like to know the agenda and how to participate.,inquiry
I'm impressed by how quickly the graffiti removal team responded to my report. They had it cleaned up within 24 hours!,compliment
A suggestion for the transit authority: create a mobile app that shows real-time bus locations and arrival estimates.,suggestion
"The sidewalk on Washington Street has been damaged for months and poses a serious hazard for pedestrians, especially the elderly.",complaint
How do I appeal my property tax assessment? I believe there's been an error in the calculation.,inquiry
The park cleanup volunteers did an amazing job last weekend. The difference is remarkable!,compliment
I recommend implementing a city-wide free WiFi network in public spaces to bridge the digital divide.,suggestion
"The streetlights on Elm Street have been out for weeks now, making it dangerous to walk at night.",complaint
What is the process for obtaining a permit for a block party in my neighborhood?,inquiry
I'd like to thank the city planner who designed the new community center. It's beautiful and functional!,compliment
It would be beneficial to create more affordable housing options near the industrial district where many people work.,suggestion
The noise ordinance isn't being enforced in my neighborhood. Parties routinely go past 2AM on weeknights.,complaint
How can I find out which recycling items are accepted in the new blue bins?,inquiry
The library staff has been exceptionally helpful with the new digital literacy program for seniors.,compliment
I suggest implementing a composting program for local restaurants to reduce food waste going to landfills.,suggestion
The condition of Pioneer Park's playground equipment is dangerous. Several pieces are broken and have sharp edges.,complaint
Where can I find information about water conservation rebates for homeowners?,inquiry
The new farmers market downtown has really revitalized the area. Thank you for supporting local agriculture!,compliment
I propose extending the hours of the community pool during summer months to accommodate working families.,suggestion
"Our street has requested speed bumps three times due to dangerous drivers, but we've received no response.",complaint
Can you explain the new zoning regulations for home-based businesses?,inquiry
I want to commend the animal control officer who helped rescue a stray dog from our neighborhood yesterday. Very professional!,compliment
The city could benefit from creating a centralized volunteer coordination system for community projects.,suggestion
The snow removal service this winter has been abysmal. Some residential streets haven't been plowed for days after storms.,complaint
What financial assistance programs are available for seniors on fixed incomes who need home repairs?,inquiry
I'm grateful for the quick response from the fire department when our carbon monoxide alarm went off.,compliment
I suggest implementing a program where high school students can earn community service hours by helping maintain public parks.,suggestion
The city website is outdated and difficult to navigate. I can never find the information I need.,complaint
How do I report a street sign that has been knocked down at the corner of 5th and Pine?,inquiry
The recent community art installation has brought so much joy to our neighborhood. Thank you for supporting local artists!,compliment
Consider implementing a rainwater collection incentive program to help conserve water during drought seasons.,suggestion
The wait times at the permits office are excessive. I had to take a full day off work just to submit my application.,complaint
What are the guidelines for installing solar panels on historic homes in the downtown district?,inquiry
I was impressed by how efficiently the voting process was handled during the recent local election.,compliment
A potential solution to downtown parking issues would be to create a park-and-ride shuttle service from outlying areas.,suggestion
The potholes on Franklin Avenue are so bad they're causing damage to vehicles. This needs immediate attention.,complaint
Could you provide information about the tax incentives for businesses that hire locally?,inquiry
The new online system for reporting non-emergency issues is fantastic. It's intuitive and the response time has been great!,compliment
I suggest creating more community gardens in vacant lots throughout the city to promote local food production.,suggestion
The public transportation schedule is unreliable and buses frequently run late or don't show up at all.,complaint
What is the process for contesting a parking ticket that was issued incorrectly?,inquiry
Thank you for the recent improvements to the city's emergency notification system. The alerts during the storm were timely and helpful.,compliment
It would be beneficial to install more electric vehicle charging stations in public parking garages.,suggestion
The property tax increase this year is excessive and places an unfair burden on fixed-income residents.,complaint
Where can I find information about the summer youth employment program for my teenager?,inquiry
I want to express my appreciation for the public works department's quick response to the fallen tree on Oak Street last week.,compliment
I recommend implementing a free shuttle service between downtown and the hospital to assist patients with limited transportation options.,suggestion
"The recycling collectors consistently leave a mess on our street every week, with items scattered across lawns.",complaint
How can residents provide input on the proposed changes to the school district boundaries?,inquiry
The new accessibility ramps at the community center have made a tremendous difference for my mother who uses a wheelchair.,compliment
I suggest creating a citizen advisory board for the police department to improve community relations and transparency.,suggestion
"Despite multiple complaints, nothing has been done about the abandoned vehicle that's been parked on my street for three months.",complaint
What resources are available for small business owners seeking to open a storefront in the downtown area?,inquiry
The cultural diversity festival last month was exceptionally well-organized. Kudos to everyone involved!,compliment
Consider implementing a program to plant more shade trees along pedestrian routes to combat urban heat islands.,suggestion
The water quality in our neighborhood has deteriorated noticeably. It has an unpleasant smell and taste.,complaint
Could you explain the process for appealing a denied building permit?,inquiry
I'm impressed by the city's new sustainability initiatives. The solar panels on municipal buildings set a great example!,compliment
I'd like to propose extending library hours on weekends to provide more study space for students.,suggestion
The city's snow removal prioritizes main roads while completely neglecting residential streets for days.,complaint
What steps do I need to take to register my child for the after-school programs at the recreation center?,inquiry
The customer service representative at City Hall was exceptionally helpful in resolving my permit issue. Thank you!,compliment
It would be beneficial to create a mentorship program connecting retirees with at-risk youth in our community.,suggestion
The city's handling of the recent water main break was disorganized and left many residents without information.,complaint
How do I apply for a reduced rate on my utility bill based on my income level?,inquiry
The parks department has done an outstanding job maintaining the flower gardens throughout the city this year.,compliment
I suggest implementing a neighborhood grant program for community-led beautification projects.,suggestion
"The noise from the airport has increased significantly in recent months, disrupting sleep and quality of life.",complaint
What permits are required to hold a charity fundraising event in the town square?,inquiry
I'd like to thank whoever is responsible for the new bike repair stations along the greenway trail. They're extremely useful!,compliment
Consider creating designated areas for food trucks in popular parks and public spaces.,suggestion
"The storm drains on Riverside Drive are completely clogged, causing flooding with even minimal rainfall.",complaint
Could you provide information about the vaccination clinics for seniors mentioned in last month's newsletter?,inquiry
The recent improvements to the crosswalks near the elementary school have made walking to school much safer for children.,compliment
I propose implementing a community time bank where residents can exchange services based on time rather than money.,suggestion
The planned power outages for maintenance are too frequent and poorly communicated to residents.,complaint
How can I find out which city council district I live in and who my representative is?,inquiry
The new children's section at the public library is absolutely wonderful. My kids love spending time there!,compliment
The city should consider partnering with local businesses to create apprenticeship opportunities for high school students.,suggestion
"Despite numerous complaints, the abandoned construction site on Maple Street continues to be a safety hazard and eyesore.",complaint
What are the regulations regarding keeping chickens in residential areas?,inquiry
I'd like to commend the city's IT department for the improved functionality of the online bill payment system.,compliment
I suggest creating a senior shuttle service that provides transportation to medical appointments and grocery stores.,suggestion
The condition of the tennis courts at Community Park has deteriorated to the point where they're unusable.,complaint
How do I get information about the home weatherization assistance program mentioned at the last town meeting?,inquiry
The sign language interpreter at last week's public forum was excellent. Thank you for making events accessible to all citizens.,compliment
Consider implementing a program to repurpose vacant commercial buildings for affordable housing or community spaces.,suggestion
The increased aircraft noise from the new flight paths is severely impacting quality of life in our neighborhood.,complaint
What is the timeline for the roadwork project on Main Street? How long will the detours be in place?,inquiry
The efficiency of the permit process for my recent home renovation was impressive. Everything was handled promptly and professionally.,compliment
I suggest creating more dedicated pickleball courts in response to the growing popularity of the sport in our community.,suggestion
The lack of street lighting in the Oakwood neighborhood makes it dangerous for pedestrians after dark.,complaint
Where can I find information about the low-interest loans for energy-efficient home improvements?,inquiry
I want to express my gratitude for the quick response from animal control when I reported an injured deer in my backyard.,compliment
It would be beneficial to implement a program that encourages local restaurants to donate excess food to shelters.,suggestion
The public restrooms at Central Park are consistently unsanitary and often lack basic supplies like soap and toilet paper.,complaint
How do I register to speak at the upcoming city council meeting about the proposed rezoning plan?,inquiry
The new splash pad at Jefferson Park has been a wonderful addition to our community. My grandchildren love it!,compliment
I recommend creating more intergenerational programs that connect seniors with young people for knowledge sharing.,suggestion
The road construction on Elm Street has dragged on for months beyond the projected completion date with minimal progress.,complaint
What assistance is available for residents whose properties were damaged in the recent flooding?,inquiry
The police department's community outreach program has made a noticeable difference in our neighborhood. Officers are much more approachable now.,compliment
I suggest implementing a 'fix-it ticket' program for minor code violations that gives homeowners time to address issues before facing fines.,suggestion
"The city's website crashed when tax payments were due, causing many residents to incur late fees through no fault of their own.",complaint
Could you provide information about the requirements for establishing a neighborhood watch program?,inquiry
I'm impressed by how quickly the graffiti was removed from the community center. The response was prompt and thorough.,compliment
The city could benefit from creating more community workshop spaces where residents can learn practical skills like basic home repair.,suggestion
The excessive use of salt on roads during winter is damaging vehicles and harming local waterways.,complaint
What programs are available to help seniors with snow removal from their sidewalks?,inquiry
The recent improvements to the downtown pedestrian areas have made shopping and dining much more enjoyable.,compliment
I'd like to propose implementing a tree adoption program where residents can sponsor the planting and care of new street trees.,suggestion
The condition of rental properties in College Heights is deteriorating because of inadequate enforcement of housing codes.,complaint
How can I apply for the home energy audit program mentioned in the utility bill insert?,inquiry
The city's response to the power outage last week was excellent. Crews worked around the clock to restore service.,compliment
Consider implementing a program where traffic fines can be paid through community service rather than monetary penalties.,suggestion
"The irregular garbage collection schedule has resulted in trash sitting on curbs for days, attracting pests.",complaint
What is the process for reporting a streetlight that flickers constantly?,inquiry
I want to thank the parks department for adding more benches along the walking trails. It's made the paths more accessible for everyone.,compliment
I suggest creating designated off-leash areas for dogs in more neighborhood parks to promote responsible pet ownership.,suggestion
"Despite multiple requests, the city has not addressed the illegal dumping happening in the vacant lot on Cedar Street.",complaint
How do I obtain a copy of my property survey from the city records?,inquiry
The new recycling education program has been informative and well-presented. It's helped our family reduce waste significantly.,compliment
A potential solution to rush hour congestion would be to encourage flexible work hours for city employees.,suggestion
The water pressure in our neighborhood has been inconsistent and weak for several months now.,complaint
"What are the boundaries of the historic preservation district, and what restrictions apply to homeowners within it?",inquiry
I'd like to commend the city for the beautiful holiday decorations downtown. They created a festive atmosphere for everyone.,compliment
I suggest implementing a student loan forgiveness program for teachers who commit to working in our public schools for five years.,suggestion
"The city's leaf collection program was poorly executed this year, with piles left on streets for weeks.",complaint
Could you explain the city's policy on installing private security cameras that might capture public sidewalks?,inquiry
The summer concert series in the park has been exceptional this year. Thank you for bringing diverse musical talent to our community!,compliment
It would be helpful to create a mobile app that allows residents to easily report issues like potholes or broken streetlights.,suggestion
The increased truck traffic on residential streets due to the construction detour is causing noise pollution and safety concerns.,complaint
What is the application process for the first-time homebuyer assistance program offered by the city?,inquiry
I was impressed by how well-organized the community emergency drill was last weekend. It made me feel safer knowing we're prepared.,compliment
I propose creating more covered bus shelters with seating to protect commuters from the elements while waiting.,suggestion
The playground equipment at Sunset Park has several broken components that pose safety risks to children.,complaint
How can I find out about zoning restrictions for operating a home-based business in my neighborhood?,inquiry
The city's new online permit system has made the renovation process much more efficient. I appreciate the technological upgrade!,compliment
Consider implementing a program that offers property tax reductions for homeowners who install green infrastructure like rain gardens.,suggestion
"Despite repeated complaints, nothing has been done about the bright commercial lighting shining directly into residential windows.",complaint
What are the guidelines for requesting a traffic study for a potentially dangerous intersection?,inquiry
I want to thank the sanitation workers who went above and beyond during the recent flood cleanup efforts.,compliment
I suggest creating a program where high school students can earn class credit by tutoring elementary students.,suggestion
The construction noise from the highway expansion project routinely exceeds permitted decibel levels and starts before allowed hours.,complaint
Where can I find information about getting financial assistance for lead pipe replacement in older homes?,inquiry
The new accessible playground equipment at Central Park is a wonderful addition that allows all children to play together.,compliment
The city should consider implementing a composting program for restaurants to reduce commercial food waste.,suggestion
The potholes on Market Street have been marked for repair for months but no action has been taken.,complaint
How do I contest a water bill that seems excessively high with no apparent explanation?,inquiry
I'd like to express my appreciation for the quick response from code enforcement when I reported an unsafe structure in my neighborhood.,compliment
I recommend implementing a universal design policy for all new public buildings to ensure accessibility for everyone.,suggestion
"The quality of water in our neighborhood has deteriorated significantly, with visible sediment and an unpleasant odor.",complaint
What programs are available to help low-income residents with utility costs during extreme weather?,inquiry
The new downtown farmers market has been a wonderful addition to our community. It's become a highlight of my weekend routine!,compliment
Consider creating an incentive program for businesses that hire locally and provide living wages.,suggestion
The excessive use of leaf blowers by city maintenance crews creates unnecessary noise and air pollution.,complaint
Could you provide information about the grant program for neighborhood beautification projects?,inquiry
I want to thank whoever is responsible for adding more recycling bins throughout the downtown area. It's made a noticeable difference!,compliment
I suggest implementing a program that allows residents to adopt storm drains and help keep them clear of debris.,suggestion
The recent water rate increase disproportionately affects large families without any progressive structure.,complaint
What is the procedure for reporting a potentially dangerous tree on public property?,inquiry
"The city's communication during the recent boil water advisory was clear, timely, and helpful.",compliment
I'd like to propose creating more community tool libraries where residents can borrow equipment for home projects.,suggestion
The wait times at the DMV have become ridiculous. I spent my entire day off waiting and still didn't get served.,complaint
How can I find out which day is my new garbage collection day after the schedule change?,inquiry
I'm impressed by the quality of the new recreation center. The facilities are excellent and the staff is friendly.,compliment
The city could benefit from implementing a participatory budgeting process where residents vote on how to spend a portion of public funds.,suggestion
The crosswalk signals near the elementary school aren't giving pedestrians enough time to cross safely.,complaint
The recent expansion of the bike lane network has made commuting by bicycle much safer and more convenient.,compliment
I suggest creating a program to help senior citizens with technology training so they can access online city services.,suggestion
"Multiple streetlights on Maple Avenue have been out for weeks, creating a safety hazard for pedestrians at night.",complaint
How do I apply for the home weatherization assistance program mentioned in the city newsletter?,inquiry
The new online system for renewing dog licenses is so convenient. Thank you for streamlining this process!,compliment
Consider implementing designated loading zones for delivery trucks to reduce double-parking and traffic congestion.,suggestion
The condition of the public tennis courts has deteriorated to the point where they're unusable and potentially dangerous.,complaint
What services does the city offer for residents dealing with pest control issues?,inquiry
I want to commend the parks department for the beautiful flower displays throughout the city this spring.,compliment
I propose extending library hours during exam periods to give students more access to quiet study spaces.,suggestion
"The construction on Main Street has severely impacted local businesses, yet the project seems to have no end in sight.",complaint
Could you explain the process for appealing a property assessment that seems inaccurately high?,inquiry
The snow removal crew did an exceptional job keeping our streets clear during the last storm. Thank you for your hard work!,compliment
I suggest implementing a program that provides tax incentives for property owners who convert unused commercial space into affordable housing.,suggestion
"The noise from the industrial facility on River Road frequently exceeds permitted levels, especially at night.",complaint
What steps should homeowners take to prepare for the upcoming water main replacement project on Oak Street?,inquiry
The city's new recycling education program has been very effective. The informational materials were clear and helpful.,compliment
Consider creating more public-private partnerships to fund improvements to neighborhood parks and playgrounds.,suggestion
"Despite numerous complaints, the city has failed to address the persistent flooding issues on Cedar Lane during rainstorms.",complaint
How can I apply for a reduced fare bus pass for my elderly parent?,inquiry
I'd like to thank the city planner who designed the new roundabout. Traffic flows much more smoothly now!,compliment
I recommend implementing a program that encourages residents to plant native species in their yards to support local wildlife.,suggestion
The lack of enforcement of the leash law at Central Park makes it dangerous for children and other pets.,complaint
What is the timeline for the completion of the new community center on Washington Avenue?,inquiry
The online permit application system has greatly simplified the process for home improvement projects. Great job modernizing!,compliment
It would be beneficial to create more intergenerational programs that connect seniors with youth for mentoring opportunities.,suggestion
"The condition of the sidewalks in the historic district poses a serious trip hazard, especially for elderly residents.",complaint
Where can I find information about the summer meal program for children when school is out?,inquiry
I want to express my gratitude to the emergency response team who handled the gas leak on my street last week. They were professional and reassuring.,compliment
I suggest implementing a program that offers property tax incentives for installing environmentally friendly landscaping that reduces water usage.,suggestion
"The excessive use of chemical pesticides in public parks is concerning, especially with no posted warnings for residents.",complaint
How do I register my child for the free swimming lessons offered at the community pool?,inquiry
The accessibility improvements at City Hall have made a significant difference. My father in a wheelchair can now navigate the building independently.,compliment
Consider creating a volunteer program that pairs tech-savvy youth with seniors who need help navigating online government services.,suggestion
"The city's street sweeping schedule is inconsistent and poorly communicated, resulting in unnecessary parking tickets.",complaint
What are the requirements for establishing a block watch program in my neighborhood?,inquiry
I'm impressed by the thoughtful design of the new playground that accommodates children of all abilities.,compliment
I'd like to propose a program that offers grants to local artists for creating public murals that celebrate our city's diversity.,suggestion
"The odor from the wastewater treatment plant has become unbearable for nearby residents, especially during hot weather.",complaint
Could you provide information about the city's down payment assistance program for first-time homebuyers?,inquiry
The recent improvements to the public transportation route map and schedule have made the system much easier to navigate.,compliment
The city should consider implementing a program that provides tax incentives for businesses that adopt sustainable practices.,suggestion
The new LED streetlights are too bright and are disrupting sleep for residents whose homes face the lights directly.,complaint
What is the process for requesting a traffic study for my neighborhood where speeding has become dangerous?,inquiry
I'd like to commend the city's social media team for keeping us informed during the recent severe weather event.,compliment
I suggest creating more community vegetable gardens in underserved neighborhoods to promote food security and nutrition.,suggestion
"The promised repairs to the community center roof have been delayed repeatedly, causing program cancellations when it rains.",complaint
How can residents participate in the upcoming urban planning workshops for the downtown revitalization project?,inquiry
The new mobile app for reporting potholes and other road issues has been incredibly useful. The response time has improved noticeably!,compliment
Consider implementing a program that gives property tax breaks to homeowners who convert lawns to native plant gardens.,suggestion
The city's policy of prioritizing new development over preserving mature trees is destroying our neighborhood's character and shade.,complaint
What resources are available for small business owners affected by the Main Street construction project?,inquiry
"I want to thank whoever is responsible for the new walking trail maps. They're clear, detailed, and very helpful for visitors.",compliment
I propose implementing a program that incentivizes landlords to accept housing vouchers and provide quality affordable housing.,suggestion
"Despite multiple requests, the abandoned vehicles in my neighborhood haven't been addressed by parking enforcement.",complaint
How do I apply for a variance to the zoning regulations for my property?,inquiry
The new online reservation system for tennis courts has eliminated the confusion and conflicts we used to experience.,compliment
It would be beneficial to create a city-sponsored program that helps residents properly dispose of hazardous household waste.,suggestion
The timing of the traffic lights downtown creates unnecessary congestion during rush hour.,complaint
What is the city doing to address the increasing homelessness issue in our community?,inquiry
I was impressed by how quickly the utilities department responded to the water main break on my street last week.,compliment
I suggest expanding the city's tree planting program to focus on areas with minimal tree canopy coverage.,suggestion
The noise from the late-night bars downtown is making it impossible for nearby residents to sleep on weekends.,complaint
Could you explain the new water conservation regulations that were mentioned in last month's utility bill?,inquiry
The city's youth employment program has made a positive difference for my teenager. Thank you for this valuable opportunity!,compliment
Consider implementing a program that provides energy audits for small businesses to help them reduce costs and environmental impact.,suggestion
"The city promised to install a crosswalk at the busy intersection near the senior center two years ago, but nothing has been done.",complaint
What is the process for requesting a safety evaluation of playground equipment at our neighborhood park?,inquiry
I want to thank the city council for listening to residents' concerns about the proposed development and making appropriate changes to the plan.,compliment
I'd like to propose a program that connects local farmers with school cafeterias to provide fresh produce for students.,suggestion
The excessive street closures for private events are creating significant hardships for residents and businesses.,complaint
How can I find information about the tax incentives available for historic home preservation?,inquiry
The recent upgrade to the city's emergency alert system is much improved. The notifications are clear and timely.,compliment
I suggest creating a program that encourages homeowners to replace concrete driveways with permeable surfaces to reduce runoff.,suggestion
The quality of road repairs is substandard. Potholes that were filled last month are already deteriorating.,complaint
What permits are required for hosting a neighborhood block party?,inquiry
I'd like to express my appreciation for the library staff who organized the summer reading program for children. It was excellent!,compliment
The city could benefit from implementing a bike-sharing program to reduce traffic congestion and promote health.,suggestion
"Despite numerous complaints, nothing has been done about the excessive speeding on Riverside Drive near the elementary school.",complaint
How do I apply for a permit to remove a diseased tree from my property?,inquiry
The new accessible playground equipment at Central Park is a wonderful addition that allows children of all abilities to play together.,compliment
I recommend creating a citizen advisory committee to provide input on transportation planning decisions.,suggestion
The recycling collection truck consistently leaves a mess of broken glass and scattered paper on our street.,complaint
What assistance programs are available for seniors who need help with minor home repairs?,inquiry
I want to thank the city for installing the new pedestrian crossing signals. They've made crossing busy streets much safer.,compliment
I suggest implementing a program that offers rebates for residents who install water-saving fixtures in their homes.,suggestion
The city's decision to reduce public library hours has negatively impacted students who rely on these facilities for studying.,complaint
Could you provide information about the requirements for establishing a community garden on vacant city property?,inquiry
The recent improvements to the city's website have made finding information and accessing services much easier.,compliment
Consider creating an incentive program for property owners who convert unused parking lots into green spaces or affordable housing.,suggestion
The lack of enforcement of building codes has allowed developers to ignore requirements for affordable housing units.,complaint
What is the process for appealing a denied permit for a home addition?,inquiry
I'm impressed by the city's quick response to power outages during the recent storm. Crews worked around the clock to restore service.,compliment
I'd like to propose extending the hours of the community center to accommodate working families who can't access services during standard business hours.,suggestion
The increased airplane noise from the new flight paths has significantly reduced quality of life in our neighborhood.,complaint
How can I participate in the city's citizen police academy program?,inquiry
I suggest implementing a program that provides free trees to homeowners willing to plant them in their front yards.,suggestion
The poor drainage on Elm Street causes dangerous ice buildup in winter and standing water in summer.,complaint
What are the guidelines for installing a fence on residential property?,inquiry
I want to commend the animal control officer who helped catch the stray dog that had been roaming our neighborhood. Very professional and kind!,compliment
Consider implementing a program that offers tax incentives to businesses that provide on-site childcare for employees.,suggestion
"Despite numerous requests, the broken playground equipment at Community Park hasn't been repaired for over six months.",complaint
How do I register to vote in the upcoming local election?,inquiry
The new farmers market downtown has been a wonderful addition to our community. It's supporting local agriculture and creating a vibrant atmosphere!,compliment
I propose creating a program that helps homeowners convert unused garages into affordable accessory dwelling units.,suggestion
The city's new garbage collection schedule is confusing and has resulted in missed pickups throughout our neighborhood.,complaint
What resources are available for residents who need assistance with utility bills during extreme weather?,inquiry
I'd like to thank the city council for their thoughtful consideration of all perspectives before making a decision on the controversial rezoning issue.,compliment
It would be beneficial to implement a program that provides low-interest loans for energy-efficient home improvements.,suggestion
The condition of the tennis courts at Memorial Park has deteriorated to the point where they're dangerous to use.,complaint
Could you explain the process for requesting a school crossing guard for a busy intersection?,inquiry
The recent upgrades to the community center's fitness equipment are impressive. Thank you for investing in our health!,compliment
"I suggest creating more safe routes to schools with improved crosswalks, signage, and crossing guards.",suggestion
"The storm drains on Pine Street are consistently clogged, causing flooding with even moderate rainfall.",complaint
How can I get information about the city's home rehabilitation grant program for low-income homeowners?,inquiry
I want to express my gratitude to the parks department for the beautiful flower gardens throughout the city this summer.,compliment
Consider implementing a program that offers rebates for residents who replace water-intensive lawns with drought-resistant landscaping.,suggestion
The recurring power outages in our neighborhood seem to be ignored while other areas receive prompt attention.,complaint
What is the timeline for the completion of the road construction project on Main Street?,inquiry
The new online system for reporting code violations is user-friendly and efficient. It's a significant improvement!,compliment
I'd like to propose creating a program that connects retirees with opportunities to volunteer their professional skills in city departments.,suggestion
The excessive use of herbicides in public parks poses health risks to children and pets who use these spaces.,complaint
How do I apply for a reduced fare on public transportation based on income or disability?,inquiry
I'm impressed by the police department's community outreach efforts. The coffee with a cop program has built trust in our neighborhood.,compliment
The city should consider implementing a program that provides free or subsidized lead testing for homes in older neighborhoods.,suggestion
The water pressure in our neighborhood has decreased significantly over the past few months with no explanation from the utility department.,complaint
What permits are required for installing solar panels on a residential property?,inquiry
I'd like to commend the city for the new recycling education program. The materials were clear and helpful.,compliment
I suggest creating more public-private partnerships to fund improvements to neighborhood parks and playgrounds.,suggestion
"Despite multiple complaints, nothing has been done about the abandoned property on Cedar Street that has become a safety hazard.",complaint
How can I find information about the property tax exemptions available for senior citizens?,inquiry
The snow removal team did an exceptional job keeping our streets clear during the recent blizzard. Thank you for your dedication!,compliment
Consider implementing a program that encourages restaurants to eliminate single-use plastics through incentives or recognition.,suggestion
The noise from construction projects routinely exceeds permitted hours and decibel levels with no enforcement.,complaint
What are the requirements for establishing a neighborhood watch program in my community?,inquiry
I want to thank the city planner who designed the new park. The layout maximizes the space beautifully and includes something for everyone.,compliment
I propose creating more community spaces where residents can gather for free cultural events and performances.,suggestion
The lack of affordable childcare options in our city is forcing parents to choose between work and family.,complaint
Could you provide information about the grant program for small business fa√ßade improvements?,inquiry
The recent improvements to the bike lane network have made commuting by bicycle much safer and more convenient.,compliment
It would be beneficial to implement a program that helps low-income residents with energy-efficient appliance upgrades.,suggestion
"The city's communication about the water main replacement project has been inadequate, leaving residents unprepared for service disruptions.",complaint
How do I request installation of a street light in a dark area of my neighborhood?,inquiry
The metro services have improved significantly over the past year.,compliment
More public libraries should be built in residential areas.,suggestion
Kudos to the sanitation workers for keeping our streets clean.,compliment
The streetlights in my area have been broken for weeks.,complaint
Where can I report a lost identity card?,inquiry
The traffic signals need better synchronization.,suggestion
Introducing an online portal for bill payments would be helpful.,suggestion
The government should consider solar-powered streetlights.,suggestion
It would be great to have more green spaces in the city.,suggestion
Is there an online platform to register property complaints?,inquiry
What are the documents required for a driving license renewal?,inquiry
How do I check the status of my tax refund?,inquiry
The online appointment system for government offices is very efficient.,compliment
I appreciate the quick response from the municipal office regarding my complaint.,compliment
How can I apply for a new electricity connection?,inquiry
The water supply is frequently disrupted.,complaint
There are too many potholes on the main road.,complaint
The public transport service is unreliable and always late.,complaint
The new park in our neighborhood is well maintained and clean.,compliment
Garbage collection has been very irregular recently.,complaint
The city should consider implementing a bike-sharing program.,suggestion